d,grp_size,ep_1d,epch_1d,span_1d,mass_1d,unk_1d,unkch_1d,off_1d,det_1d,pwr_1d,msg_1d,act_1d,open_1d,open_age_1d,open_agemax_1d,ep_3d,epch_3d,unk_3d,pwr_3d,ep_7d,epch_7d,span_7d,ge60_7d,mass_7d,unk_7d,unkch_7d,off_7d,det_7d,pwr_7d,msg_7d,raw_7d,ep_14d,epch_14d,ep_30d,epch_30d,span_30d,ge60_30d,mass_30d,unk_30d,off_30d,pwr_30d,msg_30d,raw_30d,ep_90d,epch_90d,mass_90d,epdays_30d,epdays_7d,days_since_ep,days_since_mass,days_since_msg,trend_3_14,dow,tr_hf_7d,tr_fu_7d,tr_uf_7d,tr_fh_7d,tr_off_7d,tr_uh_7d,tr_hu_7d,tr_rare_7d,tr_entropy_7d,tr_unk_share_7d,tr_fault_share_7d,tr_hf_30d,tr_fu_30d,tr_uf_30d,tr_fh_30d,tr_off_30d,tr_uh_30d,tr_hu_30d,tr_rare_30d,tr_entropy_30d,tr_unk_share_30d,tr_fault_share_30d,sy_max10_7d,sy_max60_7d,sy_near_n_7d,sy_near_ch_7d,sy_max10_30d,sy_max60_30d,sy_near_n_30d,sy_near_ch_30d,sy_mass_365d,sy_mass_any_30d,sy_mass_any_90d,sy_mass_any_365d,pw_ep_1d,pw_batt_1d,pw_deenerg_1d,pw_bad_msg_1d,pw_ep_3d,pw_batt_3d,pw_deenerg_3d,pw_bad_msg_3d,pw_ep_7d,pw_batt_7d,pw_deenerg_7d,pw_bad_msg_7d,pw_hrs_since_bad,pw_ch_bad,pw_ch_off,pw_ch_fault,pw_ch_n,pw_ch_bad_share,ch_new_7d,ch_aff_7d,ch_new_30d,ch_new_share_7d,ch_last_fault,ch_last_unknown,ch_last_off,ch_known_n,ch_last_bad_share,rp_ep_7d_lag1,rp_ep_7d_lag7,rp_ep_7d_lag14,rp_ep_7d_lag28,rp_ep_7d_lag56,rp_ep_7d_mean7,rp_ep_7d_sd7,rp_ep_7d_relative7,rp_ep_7d_mean28,rp_ep_7d_sd28,rp_ep_7d_relative28,rp_ep_7d_mean90,rp_ep_7d_sd90,rp_ep_7d_relative90,rp_ep_7d_delta7,rp_ep_7d_quiet28,rp_ep_30d_lag1,rp_ep_30d_lag7,rp_ep_30d_lag14,rp_ep_30d_lag28,rp_ep_30d_lag56,rp_ep_30d_mean7,rp_ep_30d_sd7,rp_ep_30d_relative7,rp_ep_30d_mean28,rp_ep_30d_sd28,rp_ep_30d_relative28,rp_ep_30d_mean90,rp_ep_30d_sd90,rp_ep_30d_relative90,rp_ep_30d_delta7,rp_ep_30d_quiet28,rp_short_long_ratio,rp_short_excess,rp_known_days,rp_mature_prior,rp_mature_rate30,rp_mature_rate90,rp_mature_rate180,rp_days_since_known_run,rp_known_period,rp_known_run_count,rp_renewal_phase,rp_renewal_distance,rp_known_runs90,rp_system_ep7,rp_system_active_fraction,rp_dow,rp_year_sin,rp_year_cos,grp,nf_repeat_density,nf_repeat_accel,nf_spread_accel,nf_fragile_recovery,nf_unrecovered,nf_new_spread,nf_new_accel,nf_near_synchrony,nf_power_smoke,nf_power_recent,nf_silent_after_activity,nf_other_activity,nf_local_excess
2026-06-01,680,0,0,0,0,0,0,0,0,0,0,0,0,0,0,1,1,0,20,23,21,153.45000000000059,1,0,0,0,12,48,143,1148,511,206,116,252,143,83626.383333333331,6,0,243,29,767,3850,1528,2594,938,3,22,4,1,42,1,-2.4759379798052401,1,511,0,0,512,15,0,0,27,0.88645917558133991,0,0.4451219512195122,1526,0,0,1520,24,243,243,53,1.0414338781869221,0.063116883116883113,0.39688311688311689,1,6,0,0,65,66,16,94,4,0,1,1,0,0,0,0,0,0,17,20,6,0,134,143,45.780277777777776,36,31,5,103,0.34951456310679613,5,21,33,0.23809523809523808,26,0,5,680,0.038235294117647062,40,183,28,6,66,85.714285714285708,53.552822165640094,0.27677100494233942,60.821428571428569,58.847608322606,0.38821490467937608,201.05555555555554,384.59511355877027,0.11877921363761343,-160,0,252,354,1267,2203,141,275.14285714285717,47.649514063375634,0.91619244697361601,1222.0714285714287,822.98269315187508,0.2068562751854231,825.82222222222219,883.45054582379169,0.30599080818125624,-102,0,0.094861660079051377,-35.799999999999997,168,0.1702127659574468,0.066666666666666666,0.22222222222222221,0.18452380952380953,47,,1,,,1,1.8076923076923077,0.19230769230769232,0,0.5027907197793039,-0.86440817447766505,1051-1,1.0454545454545454,0.38016528925619836,0.15277777777777779,0,-0.0009765625,0.22727272727272727,0.17647058823529413,0.0014705882352941176,6.1842072027181807,0.14285714285714285,0.087348242173333215,0.95999999999999996,2.5051093571055199
2026-06-01,31,0,0,0,0,0,0,0,0,0,0,0,0,0,0,0,0,0,0,0,0,0,0,0,8,4,0,0,6,16,0,0,0,19,18,1002.3833333333333,8,3,129,0,11,340,19,38,36,5,1,0,14,14,5,-0.8574502318512216,1,0,0,0,0,0,8,8,0,0.69314718055994529,0.5,0,2,17,0,1,0,98,80,19,1.1012401856444538,0.37941176470588234,0.055882352941176473,0,0,0,0,5,9,5,18,13,1,1,1,0,0,0,0,0,0,0,0,0,18,246,7156,84.803055555555559,18,18,0,31,0.58064516129032262,0,0,0,0,0,0,0,31,0,0,0,19,0,0,0,0,1,4.75,8.3782124850378707,0.17391304347826086,2.9555555555555557,6.9248147034165584,0.25280898876404495,0,0.75,19,19,19,0,19,19,0,1,9.5,9.6743264671289957,1.9047619047619047,9.2888888888888896,9.5508625934860092,1.9438444924406046,0,0.4642857142857143,0.050000000000000003,-4.4333333333333336,854,0.23455377574370709,0.46666666666666667,0.31111111111111112,0.24444444444444444,13,63,14,0.20634920634920634,50,2,1.8076923076923077,0.19230769230769232,0,0.5027907197793039,-0.86440817447766505,15-10,0,0,0.052631578947368418,0,0,0,1,0,0,1,0.56988736717572275,1.8799999999999999,-1.0577902941478545
2026-06-01,108,0,0,0,0,0,0,0,0,0,0,0,0,0,0,0,0,0,0,0,0,0,0,0,6,3,0,0,12,12,0,0,0,4,4,204.96666666666664,3,0,251,0,34,582,4,7,7,0,1,0,14,9999,5,-0.251314428280906,1,0,0,0,0,0,6,6,0,0.69314718055994529,0.5,0,0,4,0,0,0,143,139,4,0.92272568467189686,0.43127147766323026,0.0068728522336769758,0,0,0,0,3,3,1,3,0,0,0,0,0,0,0,0,0,0,0,0,0,18,246,7156,84.803055555555559,18,18,0,31,0.58064516129032262,0,0,1,0,0,0,0,108,0,0,0,4,0,0,0,0,1,1,1.7638342073763937,0.5,0.5444444444444444,1.2909460959782939,0.64748201438848929,0,0.75,4,4,4,0,3,4,0,1,2,2.0367003088692623,1.6666666666666667,1.6222222222222222,1.6998200683216937,1.9067796610169492,0,0.4642857142857143,0.20000000000000001,-0.93333333333333335,867,0.0011273957158962795,0,0,0,,,0,,,0,1.8076923076923077,0.19230769230769232,0,0.5027907197793039,-0.86440817447766505,15-11,0,0,0.20000000000000001,0,0,0,0.5,0,0,1,0.32346868426130776,1.8799999999999999,-1.0577902941478545
2026-06-01,33,0,0,0,0,0,0,0,0,0,0,0,0,0,0,0,0,0,0,9,9,217.93333333333334,0,1,12,12,0,37,5,135,9,9,9,9,9,217.93333333333334,0,1,33,1,15,351,9,18,18,3,1,1,3,3,3,-0.49643688631389105,1,9,9,0,9,1,12,3,16,1.2966582674241938,0.088888888888888892,0.13333333333333333,9,9,0,9,1,62,23,121,1.3322960820880501,0.094017094017094016,0.05128205128205128,9,9,1,9,9,9,1,9,8,1,1,1,0,0,0,0,0,0,0,0,0,5,81,186,80.732777777777784,12,12,0,37,0.32432432432432434,0,9,0,0,0,0,0,33,0,9,0,0,0,0,3.8571428571428572,4.8107023544236389,2.0588235294117645,0.9642857142857143,2.8347335475692041,5.0909090909090908,1,2.844272778839863,5,9,0.8571428571428571,9,0,0,0,9,3.8571428571428572,4.8107023544236389,2.0588235294117645,0.9642857142857143,2.8347335475692041,5.0909090909090908,3.2999999999999998,4.3613470756873758,2.3255813953488373,9,0.8571428571428571,1,6.9000000000000004,851,0.1010332950631458,0.10000000000000001,0.18888888888888888,0.17222222222222222,2,65,7,0.030769230769230771,63,2,1.8076923076923077,0.19230769230769232,0,0.5027907197793039,-0.86440817447766505,16-1,0.90000000000000002,0.47368421052631582,1,0.47368421052631576,0,0,1,0.27272727272727271,0,1,0.098147965972214674,1.52,1.3783261914707139
2026-06-01,4,0,0,0,0,0,0,0,0,0,0,0,0,0,0,0,0,0,0,0,0,0,0,0,0,0,0,0,0,0,0,0,0,0,0,0,0,0,2,0,4,20,0,0,0,0,0,0,341,9999,25,0,1,0,0,0,0,0,0,0,0,-0,0,0,0,0,0,0,0,2,2,0,0.94334839232903922,0.10000000000000001,0,0,0,0,0,0,0,0,0,0,0,0,0,0,0,0,0,0,0,0,0,0,0,9,9,128.46000000000001,9,9,0,12,0.75,0,0,0,0,0,0,0,4,0,0,0,0,0,0,0,0,1,0,0,1,0,0,1,0,1,0,0,0,0,0,0,0,1,0,0,1,0,0,1,0,1,1,0,837,0.0011668611435239206,0,0,0,,,0,,,0,1.8076923076923077,0.19230769230769232,0,0.5027907197793039,-0.86440817447766505,163-1,0,0,1,0,0,0,1,0,0,1,0,1.8799999999999999,-1.0577902941478545
2026-06-01,5,0,0,0,0,0,0,0,0,0,0,0,0,0,0,0,0,0,3,3,3,75.433333333333337,0,1,15,10,0,5,11,43,3,3,3,3,3,75.433333333333337,0,1,15,0,22,43,3,3,3,1,1,1,4,4,4,-0.1941560144409574,1,0,3,0,0,0,15,12,3,1.1593762804426833,0.34883720930232559,0.069767441860465115,0,3,0,0,0,15,12,3,1.1593762804426833,0.34883720930232559,0.069767441860465115,3,3,1,3,3,3,1,3,3,1,1,1,0,0,0,0,0,3,12,15,3,11,57,86,50.291944444444447,10,10,0,33,0.30303030303030304,0,3,0,0,0,0,0,5,0,3,0,0,0,0,1.7142857142857142,1.6035674514745464,1.4736842105263157,0.42857142857142855,1.0690449676496976,2.7999999999999998,0.33333333333333331,0.94809092627995462,3,3,0.8214285714285714,3,0,0,0,0,1.7142857142857142,1.6035674514745464,1.4736842105263157,0.42857142857142855,1.0690449676496976,2.7999999999999998,1.1000000000000001,1.4537823585624554,1.9047619047619047,3,0.8214285714285714,1,2.2999999999999998,853,0.037800687285223365,0.13333333333333333,0.18888888888888888,0.10000000000000001,3,133.5,3,0.02247191011235955,130.5,1,1.8076923076923077,0.19230769230769232,0,0.5027907197793039,-0.86440817447766505,217-1,0.75,0.42857142857142855,1,3,0,0,1,0.59999999999999998,1.9218120556728056,0.25,0.061613082716439581,1.76,0.3710636813908319
2026-06-01,149,0,0,0,0,0,0,0,0,0,0,0,0,0,0,0,0,0,0,0,0,0,0,0,4,4,0,64,0,136,0,2,2,3,3,1326.7166666666667,3,0,58,3,0,336,3,34,28,0,2,0,11,9999,4,-0.13353139262452257,1,0,0,0,0,0,4,4,0,0.80500621859286214,0.029411764705882353,0,0,2,0,1,2,57,56,9,1.0998138826216379,0.17261904761904762,0.0089285714285714281,0,0,0,0,2,2,1,2,0,0,0,0,0,0,0,0,0,0,4,17,0,2,102,138,28.612777777777779,58,58,0,115,0.5043478260869565,0,0,0,0,0,0,3,149,0,0,2,0,0,25,0.8571428571428571,1.0690449676497926,0.53846153846153844,0.75,0.8443713418649974,0.5714285714285714,2.6444444444444444,6.3393033167551467,0.27439024390243905,-2,0.5,3,3,1,3,28,3,4.2759545346839235e-07,1,2,0.94280904158195822,1.3333333333333333,11.244444444444444,12.324554016692129,0.32667876588021783,0,0,0.25,-0.69999999999999996,867,0.0011273957158962795,0,0,0,,,0,,,0,1.8076923076923077,0.19230769230769232,0,0.5027907197793039,-0.86440817447766505,257-1,0,0,0.25,0,0,0,1,0,0,1,0.43454254084870608,1.8799999999999999,-1.0577902941478545
2026-06-01,218,0,0,0,0,0,0,0,0,0,0,0,0,0,0,0,0,0,0,0,0,0,0,0,0,0,0,1,2,2,0,0,0,0,0,0,0,0,37,1,35,143,0,60,57,0,0,0,36,265,3,0,1,0,0,0,0,0,0,0,0,0.69314718055994529,0,0,0,0,0,0,1,37,36,2,1.0736803514157172,0.25874125874125875,0,0,0,0,0,0,0,0,0,3,0,0,1,0,0,0,0,0,0,4,17,0,2,102,138,28.612777777777779,58,58,0,115,0.5043478260869565,0,0,0,0,0,0,0,218,0,0,0,0,0,59,0,0,1,0,0,1,4.666666666666667,15.869552502487736,0.1764705882352941,0,1,0,1,1,1,59,0.14285714285714285,0.37796447300922742,0.875,0.7857142857142857,0.41785544701824395,0.56000000000000005,21.466666666666665,28.50002956828741,0.044510385756676561,-1,0.25,1,0,865,0.048587570621468928,0,0,0,264,286.5,3,0.92146596858638741,22.5,0,1.8076923076923077,0.19230769230769232,0,0.5027907197793039,-0.86440817447766505,257-2,0,0,1,0,0,0,1,0,0,1,1.6443495456693247,1.8799999999999999,-1.0577902941478545
2026-06-01,215,0,0,0,0,0,0,0,0,0,0,0,0,0,0,0,0,8528,0,0,0,0,0,0,47731,224,0,0,0,95478,0,0,0,1,1,374.80000000000001,1,0,81210,0,2,162443,1,15,15,0,1,0,14,9999,1,-0.068992871486951421,1,0,0,0,0,0,47727,47731,20,0.69498585810776081,0.49991621106432893,0,0,0,0,1,0,81206,81210,23,0.69454652516942084,0.49992920593685169,6.1560054911568982e-06,0,0,0,0,1,1,0,0,0,0,0,0,0,0,0,0,0,0,4,17,0,2,102,138,28.612777777777779,58,58,0,115,0.5043478260869565,0,0,0,0,0,4,2,215,0.018604651162790697,0,0,1,0,4,0,0,1,0.25,0.44095855184409843,0.80000000000000004,1.1666666666666667,2.7974707677881461,0.46153846153846145,0,0.75,1,1,1,0,14,1,0,1,0.5,0.50917507721769295,1.3333333333333333,4.9777777777777779,5.3568768734872831,0.33457249070631973,0,0.4642857142857143,0.5,-0.23333333333333334,867,0.0011273957158962795,0,0,0,,,0,,,0,1.8076923076923077,0.19230769230769232,0,0.5027907197793039,-0.86440817447766505,257-6,0,0,0.5,0,0,0,1,0,0,1,0.43129157901507703,1.8799999999999999,-1.0577902941478545
2026-06-01,11,0,0,0,0,0,0,0,0,0,0,0,0,0,0,0,0,0,0,0,0,0,0,0,2,2,0,0,0,4,0,0,0,0,0,0,0,0,18,0,1,124,0,0,0,0,0,0,212,9999,3,0,1,0,0,0,0,0,2,2,0,0.69314718055994529,0.5,0,0,0,0,0,0,18,17,1,0.99436731232011644,0.14516129032258066,0,0,0,0,0,0,0,0,0,0,0,0,0,0,0,0,0,0,0,3,3,0,0,16,16,36.188055555555557,7,7,0,12,0.58333333333333337,0,0,0,0,0,0,0,11,0,0,0,0,0,0,0,0,1,0,0,1,0,0,1,0,1,0,0,0,0,0,0,0,1,0,0,1,0,0,1,0,1,1,0,853,0.001145475372279496,0,0,0,,,0,,,0,1.8076923076923077,0.19230769230769232,0,0.5027907197793039,-0.86440817447766505,414-1,0,0,1,0,0,0,1,0,0,1,0,1.8799999999999999,-1.0577902941478545
2026-06-01,506,0,0,0,0,0,0,0,0,0,0,0,0,0,0,0,0,0,17,0,0,0,0,0,0,0,0,0,163,0,0,0,0,0,0,0,0,0,603,0,484,2430,0,0,0,0,0,0,102,175,10,0,1,0,0,0,0,0,0,0,0,-0,0,0,0,0,0,0,0,603,603,22,1.0695693586690069,0.24814814814814815,0,0,0,0,0,0,0,0,0,1,0,0,1,0,0,0,0,5,0,12,17,21,1,141,163,25.465,51,45,6,73,0.69863013698630139,0,0,0,0,0,0,0,506,0,0,0,0,0,0,0,0,1,0,0,1,0,1.7547432465007662e-07,1,0,1,0,0,0,0,0,0,0,1,0,0,1,1.4666666666666666,3.1771657215945561,0.40540540540540537,0,1,1,0,857,0.017103762827822121,0,0,0.077777777777777779,174,,1,,,0,1.8076923076923077,0.19230769230769232,0,0.5027907197793039,-0.86440817447766505,418-1,0,0,1,0,0,0,1,0,0,0.045454545454545456,0,1.8799999999999999,-1.0577902941478545
2026-06-01,7,0,0,0,0,0,0,0,0,0,0,0,0,0,0,0,0,0,2,0,0,0,0,0,0,0,0,0,4,0,0,0,0,0,0,0,0,0,0,0,7,0,0,0,0,0,0,0,9999,9999,59,0,1,0,0,0,0,0,0,0,0,-0,0,0,0,0,0,0,0,0,0,0,-0,0,0,0,0,0,0,0,0,0,0,0,0,0,0,0,0,0,0,0,2,0,2,0,4,0,4,30.425000000000001,0,0,0,1,0,0,0,0,0,0,0,0,7,0,0,0,0,0,0,0,0,1,0,0,1,0,0,1,0,1,0,0,0,0,0,0,0,1,0,0,1,0,0,1,0,1,1,0,830,0.001176470588235294,0,0,0,,,0,,,0,1.8076923076923077,0.19230769230769232,0,0.5027907197793039,-0.86440817447766505,477-1,0,0,1,0,0,0,1,0,0,1,0,1.8799999999999999,-1.0577902941478545
2026-06-01,88,0,0,0,0,0,0,0,0,0,0,0,0,0,0,0,0,0,0,0,0,0,0,0,0,0,0,0,1,0,0,0,0,12,10,27.533333333333339,0,0,78,1,15,749,14,21,19,0,1,0,25,9999,11,0,1,0,0,0,0,0,0,0,0,-0,0,0,13,0,1,14,2,72,50,60,1.0991614244442467,0.1041388518024032,0.018691588785046728,0,0,0,0,3,5,2,5,0,0,0,0,0,0,0,0,0,0,0,0,0,1,38,39,81.217222222222219,31,31,0,46,0.67391304347826086,0,0,1,0,0,0,0,88,0,0,0,0,0,0,0,0,1,3,5.2915026221291805,0.25,1.6333333333333333,3.8728382879348873,0.379746835443038,0,0.75,12,12,12,0,0,12,0,1,10.714285714285714,3.7796447300922655,1.1097560975609757,6.333333333333333,5.2145000945397699,1.7727272727272727,0,0.071428571428571425,0.076923076923076927,-2.7999999999999998,857,0.0011402508551881414,0,0,0,,,0,,,0,1.8076923076923077,0.19230769230769232,0,0.5027907197793039,-0.86440817447766505,505-1,0,0,0.090909090909090912,0,0,0,0.5,0,0,1,0.85862290371064331,1.8799999999999999,-1.0577902941478545
2026-06-01,28,0,0,0,0,0,0,0,0,0,0,0,0,0,0,0,0,0,1,0,0,0,0,0,0,0,0,0,2,0,0,1,1,1,1,0.016666666666666666,0,0,122,0,23,361,1,1,1,0,1,0,12,416,11,-0.068992871486951421,1,0,0,0,0,0,0,0,0,-0,0,0,1,0,0,1,0,121,119,28,1.1545834735088389,0.33795013850415512,0.0027700831024930748,0,0,0,0,1,1,0,0,0,0,0,0,0,0,0,0,0,1,0,1,0,2,0,2,40.764444444444443,1,0,0,3,0.33333333333333331,0,0,1,0,0,0,0,28,0,0,1,0,0,0,0.2857142857142857,0.48795003647426671,0.7777777777777779,0.25,0.44095855184409843,0.80000000000000004,0.077777777777777779,0.26932198589215456,0.92783505154639179,-1,0.75,1,1,0,0,0,1,0,1,0.42857142857142855,0.50395263067896967,1.3999999999999999,0.13333333333333333,0.34183904485045247,1.7647058823529411,0,0.5357142857142857,0.5,-0.23333333333333334,844,0.033564814814814818,0,0,0,415,,2,,,0,1.8076923076923077,0.19230769230769232,0,0.5027907197793039,-0.86440817447766505,508-1,0,0,0.5,0,0,0,0.5,0,0,1,0.092419624074659368,1.8799999999999999,-1.0577902941478545
2026-06-01,6,0,0,0,0,0,0,0,0,0,0,0,0,0,0,0,0,0,1,0,0,0,0,0,0,0,0,0,1,0,0,0,0,0,0,0,0,0,0,0,5,0,0,9,6,1,0,0,49,49,49,0,1,0,0,0,0,0,0,0,0,-0,0,0,0,0,0,0,0,0,0,0,-0,0,0,0,0,0,0,0,0,0,0,4,0,1,1,0,0,0,0,0,1,0,126,0,1,0,366,24.208333333333332,0,0,0,6,0,0,0,0,0,0,0,0,6,0,0,0,0,0,0,0,0,1,0,0,1,0.69999999999999996,2.1276668658732341,0.58823529411764708,0,1,0,0,0,9,0,0,0,1,2.3571428571428572,3.7437779068573258,0.2978723404255319,3.1777777777777776,4.0573910302723268,0.23936170212765961,0,0.7142857142857143,1,0,811,0.11913357400722022,0,0.15555555555555556,0.22222222222222221,48,71,7,0.676056338028169,23,1,1.8076923076923077,0.19230769230769232,0,0.5027907197793039,-0.86440817447766505,553-1,0,0,1,0,0,0,1,0,0,1,1.2536296617412028,1.8799999999999999,-1.0577902941478545
2026-06-01,160,0,0,0,0,0,0,0,0,0,0,0,0,0,0,0,0,0,44,0,0,0,0,0,0,0,0,2,136,4,0,0,0,0,0,0,0,0,0,0,419,4,0,19,19,0,0,0,53,9999,2,0,1,0,0,0,0,0,0,0,0,0.69314718055994529,0,0,0,0,0,0,0,0,0,0,0.69314718055994529,0,0,0,0,0,0,0,0,0,0,0,0,0,0,0,0,0,0,0,0,44,44,19,0,117,136,50.271944444444443,54,54,0,92,0.58695652173913049,0,0,0,0,0,0,0,160,0,0,0,0,0,2,0,0,1,0,0,1,1.4777777777777779,4.2326387704714881,0.40358744394618834,0,1,0,0,0,17,4,0,0,1,2.0714285714285716,5.2205333304144759,0.32558139534883718,6.666666666666667,8.1928990904085897,0.13043478260869565,0,0.8571428571428571,1,0,867,0.0011273957158962795,0,0,0,,,0,,,0,1.8076923076923077,0.19230769230769232,0,0.5027907197793039,-0.86440817447766505,645-1,0,0,1,0,0,0,1,0,0,0.050000000000000003,1.7641534499817946,1.8799999999999999,-1.0577902941478545
2026-06-01,17,0,0,0,0,0,0,0,0,0,0,0,0,0,0,0,0,0,0,0,0,0,0,0,0,0,0,0,1,0,0,0,0,0,0,0,0,0,0,0,4,0,0,3,3,1,0,0,59,59,59,0,1,0,0,0,0,0,0,0,0,-0,0,0,0,0,0,0,0,0,0,0,-0,0,0,0,0,0,0,0,0,0,0,9,0,1,1,0,0,0,0,0,0,0,0,0,1,0,1,108.4325,0,0,0,1,0,0,0,0,0,0,0,0,17,0,0,0,0,0,3,0,0,1,0,0,1,0.23333333333333334,0.80796595767647095,0.81081081081081074,0,1,0,0,0,0,3,0,0,1,0,0,1,3.6555555555555554,7.282673158914613,0.21479713603818618,0,1,1,0,832,0.16549295774647887,0,0.15555555555555556,0.23333333333333334,58,67,10,0.86567164179104472,9,1,1.8076923076923077,0.19230769230769232,0,0.5027907197793039,-0.86440817447766505,672-1,0,0,1,0,0,0,1,0,0,1,0.90879297006748372,1.8799999999999999,-1.0577902941478545
2026-06-01,18,0,0,0,0,0,0,0,0,0,0,0,0,0,0,0,0,0,0,0,0,0,0,0,0,0,0,0,0,0,0,0,0,0,0,0,0,0,2,0,2,10,0,19,18,2,0,0,42,42,14,0,1,0,0,0,0,0,0,0,0,-0,0,0,0,0,0,0,0,2,2,0,1.0296530140645737,0.20000000000000001,0,0,0,0,0,0,0,0,0,13,0,1,1,0,0,0,0,0,0,0,0,0,0,44,44,79.508611111111108,24,24,0,45,0.53333333333333333,0,0,0,0,0,0,0,18,0,0,0,0,0,0,0,0,1,0,0,1,1.4777777777777779,4.5647102072207284,0.40358744394618834,0,1,0,0,17,17,2,0,0,1,9.7142857142857135,8.5671947215424833,0.093333333333333338,6.9333333333333336,7.9121581879415865,0.12605042016806722,0,0.4642857142857143,1,0,859,0.18430034129692832,0.066666666666666666,0.15555555555555556,0.23333333333333334,41,69.5,11,0.58992805755395683,28.5,1,1.8076923076923077,0.19230769230769232,0,0.5027907197793039,-0.86440817447766505,797-1,0,0,1,0,0,0,1,0,0,1,1.3980083943251957,1.8799999999999999,-1.0577902941478545
2026-06-01,22,0,0,0,0,0,0,0,0,0,0,0,0,0,0,0,0,0,0,0,0,0,0,0,0,0,0,0,6,0,0,0,0,9,9,303.51666666666665,0,1,13,0,10,193,9,23,21,2,1,0,19,19,19,0,1,0,0,0,0,0,0,0,0,-0,0,0,0,9,0,0,0,13,4,9,1.0434658765917646,0.067357512953367879,0.046632124352331605,0,0,0,0,7,9,2,9,6,1,1,1,0,0,0,0,0,0,6,6,1,3,121,249,37.150555555555556,18,18,0,24,0.75,0,0,0,0,0,0,0,22,0,0,0,9,0,0,0,0,1,2.25,3.9686269665968861,0.30769230769230771,1.788888888888889,4.0626953040540732,0.35856573705179284,0,0.75,9,9,9,0,14,9,0,1,6.1071428571428568,4.2803537904510449,1.4070351758793971,6.6111111111111107,6.0274548720589065,1.3138686131386863,0,0.2857142857142857,0.10000000000000001,-2.1000000000000001,838,0.16433566433566432,0.46666666666666667,0.31111111111111112,0.2388888888888889,18,60,10,0.29999999999999999,42,2,1.8076923076923077,0.19230769230769232,0,0.5027907197793039,-0.86440817447766505,798-1,0,0,0.10000000000000001,0,0,0,1,0,0,0.5,0.6709224752956775,1.8799999999999999,-1.0577902941478545
2026-06-01,236,0,0,0,0,0,0,0,0,0,0,0,0,0,0,0,0,0,66,0,0,0,0,0,0,0,0,1,284,148,0,0,0,0,0,0,0,0,2,0,840,613,0,7,7,0,0,0,60,9999,3,0,1,0,0,0,0,0,0,0,102,0.68584080032975292,0,0,0,0,0,0,0,2,2,416,0.69520467548078746,0.0032626427406199023,0,0,0,0,0,0,0,0,0,0,0,0,0,0,0,0,0,5,1,51,66,11,1,257,284,25.638888888888889,36,34,0,53,0.67924528301886788,0,0,0,0,0,0,0,236,0,0,0,0,0,6,0,0,1,0,0,1,0.5444444444444444,1.6156614891247056,0.64748201438848929,0,1,0,0,0,0,7,0,0,1,0,0,1,3.1000000000000001,2.7765065755450564,0.24390243902439027,0,1,1,0,857,0.0011402508551881414,0,0,0,,,0,,,0,1.8076923076923077,0.19230769230769232,0,0.5027907197793039,-0.86440817447766505,813-1,0,0,1,0,0,0,1,0,0,0.083333333333333329,1.3862943611198906,1.8799999999999999,-1.0577902941478545
2026-06-01,1041,0,0,0,0,0,0,0,0,0,0,0,0,0,0,0,0,170,35,8,1,40.233333333333327,0,0,646,646,9,71,107,1474,12,8,1,8,1,40.233333333333327,0,0,778,26,448,1968,12,286,110,0,1,1,5,433,1,-0.45198512374305722,1,12,0,0,12,6,646,646,15,0.9247133501635092,0.43826322930800543,0.0081411126187245584,12,0,0,12,14,783,778,34,1.0162280829565642,0.39532520325203252,0.0060975609756097563,1,1,0,0,1,1,0,0,0,0,0,0,0,0,0,0,5,0,30,56,7,0,98,159,60.012222222222221,37,33,3,70,0.52857142857142858,1,1,1,1,0,0,24,1041,0,8,0,0,0,0,5.7142857142857144,3.9036002917947354,1.3404255319148937,1.4285714285714286,3.1201682223006717,3.7058823529411762,22.066666666666666,65.421159343805854,0.39017341040462428,8,0.7857142857142857,8,2,8,28,4,6.1428571428571432,3.184785258515944,1.26,13.5,8.2932368697482453,0.62068965517241381,93.111111111111114,110.03905787118737,0.095631641086186533,6,0,1,6.1333333333333329,866,0.048532731376975169,0,0,0,432,95,3,4.5473684210526315,337,0,1.8076923076923077,0.19230769230769232,0,0.5027907197793039,-0.86440817447766505,847-1,4,0.80000000000000004,1,0,0,0.5,1,0.00096061479346781938,4.5690000625128535,0.125,0.31441567865331227,1.5600000000000001,1.2572173188447484
2026-06-01,86,0,0,0,0,0,0,0,0,0,0,0,0,0,0,0,0,0,0,0,0,0,0,0,0,0,0,0,0,0,0,0,0,0,0,0,0,0,0,0,29,331,0,10,9,0,0,0,41,9999,12,0,1,0,0,0,0,0,0,0,0,-0,0,0,0,0,0,0,0,0,0,222,0.63790111693842655,0,0,0,0,0,0,0,0,0,0,0,0,0,0,0,0,0,0,0,0,0,0,0,0,0,0,221.875,0,0,0,2,0,0,0,0,0,0,0,0,86,0,0,0,0,0,0,0,0,1,0,0,1,0.77777777777777779,2.1763683686143565,0.5625,0,1,0,0,8,8,2,0,0,1,4.8571428571428568,3.9787796911475053,0.17073170731707318,3.3333333333333335,3.4183904485045136,0.23076923076923073,0,0.42857142857142855,1,0,859,0.0011376564277588168,0,0,0,,,0,,,0,1.8076923076923077,0.19230769230769232,0,0.5027907197793039,-0.86440817447766505,849-1,0,0,1,0,0,0,1,0,0,1,1.0923745131637022,1.8799999999999999,-1.0577902941478545
2026-06-01,641,0,0,0,0,0,0,0,0,0,0,0,0,0,0,0,0,2,0,0,0,0,0,0,2,2,2,0,128,44,0,4,2,4,2,1.3333333333333333,0,0,2,4,1211,99,4,25,13,0,2,0,10,9999,2,-0.251314428280906,1,0,0,0,0,2,2,2,28,0.97947826559037532,0.045454545454545456,0,4,0,0,4,3,2,2,45,1.3279009614484407,0.020202020202020204,0.040404040404040407,0,0,0,0,1,1,0,0,0,0,0,0,0,0,0,0,0,0,0,3,0,0,128,131,56.904166666666669,30,29,0,78,0.38461538461538464,0,0,0,0,0,0,1,641,0,0,4,0,0,8,1.4285714285714286,1.8126539343499315,0.41176470588235292,1,1.6329931618554518,0.5,1.9444444444444444,2.527872094932726,0.33962264150943394,-4,0.6785714285714286,4,4,0,6,15,4,0,1,3.7142857142857144,2.1918560181512232,1.0606060606060606,7.5111111111111111,5.8717461837135083,0.58746736292428203,0,0.21428571428571427,0.20000000000000001,-0.93333333333333335,856,0.0011415525114155251,0,0,0,,,0,,,0,1.8076923076923077,0.19230769230769232,0,0.5027907197793039,-0.86440817447766505,884-1,0,0,0.33333333333333331,0,0,0,1,0,0,1,0.36201072644683135,1.8799999999999999,-1.0577902941478545
2026-06-01,19,0,0,0,0,0,0,0,0,0,0,0,0,0,0,0,0,0,0,0,0,0,0,0,0,0,0,0,0,0,0,0,0,0,0,0,0,0,8,0,0,16,0,0,0,0,0,0,132,9999,12,0,1,0,0,0,0,0,0,0,0,-0,0,0,0,0,0,0,0,8,8,0,0.69314718055994529,0.5,0,0,0,0,0,0,0,0,0,0,0,0,0,0,0,0,0,0,0,0,0,0,0,0,0,300.96472222222224,0,0,0,2,0,0,0,0,0,0,0,0,19,0,0,0,0,0,0,0,0,1,0,0,1,0,0,1,0,1,0,0,0,0,0,0,0,1,0,0,1,0,5.4727826598641551e-08,1,0,1,1,0,846,0.0011547344110854503,0,0,0,,,0,,,0,1.8076923076923077,0.19230769230769232,0,0.5027907197793039,-0.86440817447766505,889-1,0,0,1,0,0,0,1,0,0,1,0,1.8799999999999999,-1.0577902941478545
2026-06-01,341,0,0,0,0,0,0,0,0,0,0,0,0,0,0,0,0,0,0,0,0,0,0,0,0,0,0,0,0,0,0,0,0,0,0,0,0,0,4,0,0,78,0,1,1,0,0,0,67,9999,9,0,1,0,0,0,0,0,0,0,0,-0,0,0,0,0,0,0,0,4,4,0,0.85848749597593466,0.05128205128205128,0,0,0,0,0,0,0,0,0,0,0,0,0,0,0,0,0,0,0,0,0,0,0,0,0,654.23777777777775,0,0,0,6,0,0,0,0,0,0,0,0,341,0,0,0,0,0,0,0,0,1,0,0,1,0.077777777777777779,0.26932198589215456,0.92783505154639179,0,1,0,0,0,0,1,0,0,1,0,0,1,0.33333333333333331,0.47404546313997725,0.75,0,1,1,0,852,0.0011467889908256881,0,0,0,,,0,,,0,1.8076923076923077,0.19230769230769232,0,0.5027907197793039,-0.86440817447766505,890-1,0,0,1,0,0,0,1,0,0,1,0.51600956775018147,1.8799999999999999,-1.0577902941478545
2026-06-01,1031,0,0,0,0,0,0,0,0,0,0,0,0,0,0,0,0,0,1,4,3,190.36666666666667,2,0,0,0,2,0,4,64,24,5,4,5,4,192.11666666666667,2,0,0,4,41,206,25,72,43,0,3,2,4,9999,4,-0.30538164955118191,1,24,0,0,22,2,0,0,14,1.1106614184361669,0,0.375,25,0,0,23,2,0,0,44,1.334258680008088,0,0.12135922330097088,1,2,0,0,1,2,0,0,0,0,0,0,0,0,0,0,0,1,0,1,0,4,0,4,59.420555555555552,4,0,0,6,0.66666666666666663,2,2,2,1,0,0,22,1031,0,4,1,0,0,10,2.7142857142857144,1.6035674514746756,1.346153846153846,0.8571428571428571,1.3801311186847123,2.6923076923076921,5.666666666666667,7.3941975428961708,0.75,3,0.5357142857142857,5,1,0,14,57,3.4285714285714284,1.9880595947760098,1.3548387096774193,2.9642857142857144,3.7955348313751318,1.5135135135135134,24.888888888888889,22.005333594760057,0.23175965665236051,4,0.071428571428571425,0.83333333333333337,2.833333333333333,860,0.017045454545454544,0,0,0,542,,1,,,0,1.8076923076923077,0.19230769230769232,0,0.5027907197793039,-0.86440817447766505,914-1,1,0.5,0.80000000000000004,0,0.042553191489361701,0.66666666666666663,1,0.00096993210475266732,0,1,0.19068708627326181,1.72,0.60880603212619433
